pmid,is_cancer
27585102,0
27602765,0
27577085,0
27579887,0
27591131,0
27580678,0
27597296,0
27591562,0
27595070,0
27601188,0
16033819,0
27587833,0
27597734,0
27578789,0
27601712,0
27593858,0
27579865,0
27577853,0
23898052,0
27586308,0
27600603,0
27577316,0
27595021,0
27601132,0
27593576,0
27591580,0
27595167,0
27587961,0
27598682,0
27592307,0
27601067,0
27587095,0
20164465,0
27580939,0
25667274,1
27598603,0
27598552,0
27602222,0
27591236,0
27591050,0
27598710,0
27590975,0
27582470,0
27594662,0
27593869,0
27584956,0
27578081,0
27602321,0
27590383,0
27580500,0
27579606,0
27586799,0
23188704,0
27577302,0
27582033,0
27582000,0
27590145,0
27596748,0
27603267,0
27593842,0
27590822,0
27599010,0
27581040,0
27601672,0
27595868,0
27592309,0
27584018,0
27586919,0
27589849,0
27586093,0
27579330,0
21969500,0
27603698,0
27585210,0
27596083,0
27582650,0
22932669,0
27593505,0
24097869,0
27589707,0
27598429,0
27592200,0
27600907,0
27576523,0
27587665,0
27593685,0
27590371,0
27590557,0
27600014,0
27601087,0
27579999,0
27584895,0
27589480,0
27587979,0
27595768,0
27601389,0
27586636,0
27589082,0
88,0
27578301,0
27584959,0
27586515,0
27592816,0
27577208,0
27595915,0
27593944,0
27578410,0
27586183,0
27578577,0
27593226,0
26268241,0
27578940,0
27598380,0
27581460,0
27602304,0
27598236,0
27599218,0
27578145,0
27583456,0
27585356,0
27586844,0
29373100,0
27576788,0
27580427,0
27586673,0
27591354,0
28351930,0
27589015,0
27580997,0
27583000,0
27577710,0
27577080,0
27595117,0
27596845,0
27581278,0
27586397,0
27599226,0
21278246,0
27593758,0
27586405,0
27591465,0
27587455,0
27601440,0
27578865,0
27588363,0
21358673,0
27588376,0
27589035,0
27588695,0
27592115,0
27599686,0
27598790,0
27596347,0
27576350,0
27585217,0
23912954,0
27594585,0
27585122,0
27596101,0
26027660,0
27600801,0
27596398,0
27580059,0
27587837,0
27593934,0
825,0
27593489,0
16051734,0
27582176,0
27580969,0
23676790,0
27591867,0
27594614,0
27588563,0
27600937,0
27596957,0
27584856,0
27588893,0
27601874,0
27599278,0
27591899,0
23559153,0
27585838,0
27591246,0
27597284,0
27599842,0
27597180,0
27595538,0
27583880,0
27603194,0
27590115,0
17538160,0
27590872,0
27602881,0
27595629,0
27589413,0
27585483,0
25978031,0
27591151,0
27602295,0
27593534,0
27579532,0
27591469,0
27585629,0
27598401,0
27602774,0
27599367,0
27582257,0
21505103,0
27589967,0
26057002,0
27598538,0
27576376,0
27590869,0
27576509,0
27582406,0
27587708,0
27579302,0
27599210,0
27597182,0
27584890,0
27603552,0
27589740,0
27591549,0
27590570,0
27595683,0
27582531,0
27592716,0
27594092,0
27580962,0
27579443,0
27585658,0
27589846,0
27582390,0
27597753,0
27586347,0
27590820,0
27587154,0
27581671,0
27602320,0
27597961,0
27872130,0
27586623,0
27593732,0
21822267,0
27581867,0
27588444,0
27576494,0
27600956,0
27580019,0
27603900,0
27585539,0
27572315,0
27584618,0
27598354,0
27595197,0
27586124,0
27583062,0
27594546,0
27597173,0
22596232,0
27579986,0
27585956,0
21048039,0
27587546,0
27598980,0
27582880,0
27588377,0
27581067,0
27600367,0
27589572,0
27576727,0
27603671,0
27591188,0
27577083,0
27593712,0
26351322,0
27604069,0
24043741,0
27587030,0
27593933,0
24141786,0
27584007,0
27582141,0
27591405,0
27602216,0
27583207,0
27748748,0
27576564,0
27598296,0
27588307,1
27577578,0
27591353,0
27596541,0
27581602,0
27586452,0
27601256,0
27591534,0
27593284,0
22101352,0
27599605,0
27581902,0
8637704,0
27577361,0
27599861,0
27578847,0
27598359,0
281,0
27585552,0
26124204,0
27593945,0
23619167,0
27579174,0
27580069,0
27592434,0
27594145,0
27587288,0
27591824,0
27602591,0
27592145,0
27580381,0
27578990,0
27596328,0
25172762,0
27601895,0
16467086,0
27601498,0
27601003,0
27595776,0
12200353,0
27583395,0
27583358,0
27598289,0
27598837,0
14514923,0
27584894,0
27577411,0
27578366,0
27599382,0
27587634,0
27600271,0
27601102,0
27587782,0
27596740,0
27591005,0
27583846,0
27585251,0
27599297,0
27597951,0
27599613,0
20372153,0
27584065,0
27577680,0
27596831,0
27593793,0
27592075,0
27581489,0
27594143,0
27585542,0
27597522,0
27583387,0
27580587,0
27597914,0
27591094,0
20963643,0
25412851,0
24124571,0
27594973,0
27594968,0
27583163,0
27600644,0
27596149,0
25217772,0
27580323,0
27596680,0
22682017,0
27588746,0
27584822,0
27586763,0
19246562,0
27588420,0
27588294,0
27583708,0
27590441,0
27576751,0
27590659,0
27602907,0
27588914,0
27593390,0
27588093,0
29223478,0
27601740,0
27595542,0
25125683,0
27596606,0
27576528,0
27598522,0
27590990,0
27587233,0
18946061,0
27602906,0
27596329,0
27577355,0
27601823,0
27584088,0
27595601,0
27590313,0
27602314,0
27598373,0
27589386,0
27586466,0
27587602,0
27588026,0
27585564,0
27592016,0
27577382,0
27594998,0
27600366,0
27599988,0
27582002,0
21666749,0
22294718,0
24663045,0
25693012,0
27596485,0
27584932,0
27587307,0
27589980,0
27584713,0
27582084,0
27586772,0
21271216,0
27589982,0
27595196,0
27579290,0
27599176,0
27596061,0
27580057,0
28086757,0
27601583,0
27600772,0
27593173,0
27591308,0
27585617,0
27577516,0
27592212,0
27598729,0
25567352,0
27580927,0
27586980,0
27587536,0
27580973,0
23226102,0
27579708,0
27597886,0
27588724,0
27598328,0
23551093,0
27590594,0
22306673,0
27177629,0
27580387,0
27578607,0
27578195,0
27585426,0
462,0
27587144,0
27584854,0
25706985,0
27578310,0
27598008,0
27584879,0
27586743,0
27587575,0
27596822,0
27580996,0
27593098,0
7977367,0
27592313,0
27576479,0
27591147,0
22805104,0
27578992,0
27602066,0
27603759,0
27600061,0
27582626,0
27578326,0
27587204,0
27586862,0
27602288,0
27592557,0
27602303,0
27578812,0
27581524,0
27599583,0
27597254,0
27598936,0
27599526,0
27583901,0
27596333,0
27579303,0
27599992,0
27577944,0
27993965,0
27601964,0
27578076,1
27590142,0
27577238,0
27593496,0
27586115,0
27595063,0
27602784,0
27582102,0
27586345,0
27582129,0
27594852,0
27581580,0
27601460,0
20975057,0
27580210,0
27602230,0
27602799,0
27602255,1
27601365,0
27581491,0
27588073,0
27576354,0
27579265,0
27580106,0
27602525,0
27578922,0
27598148,0
27603154,0
27581918,0
27581865,0
27599582,0
27587201,0
27601855,0
22203985,0
27583133,0
27586348,0
27581180,0
25971938,0
27593264,0
27580099,0
27595160,0
27580295,0
27591525,0
25218906,0
27315356,0
27598247,0
27592743,0
27593274,0
22180162,0
25267748,0
27602164,0
27592811,0
27602085,0
27598413,0
27594443,0
27600469,0
27581540,0
27586914,0
27586521,0
27594974,0
27600472,0
27581909,1
27601648,0
27592133,0
27599981,0
27577354,0
27594116,0
27597863,0
27583454,0
27591165,0
27595486,0
27598189,0
27584567,0
27591359,0
27587748,0
27588256,0
21478036,0
27584142,0
27603009,0
27583343,0
27580264,0
27590694,0
23724867,0
23204322,0
27588613,0
27599148,0
27600277,0
23220880,1
27590613,0
27599960,0
27591788,0
27598630,0
27596387,0
27585881,0
27587730,0
27598703,0
27603155,0
27583632,0
27597759,0
27590484,0
27589372,0
27576923,0
27596346,0
27586341,0
27581805,0
27589762,0
27592174,0
27603407,0
27589497,0
27583013,0
27594321,0
27595322,0
27603573,0
27598021,0
27582683,0
27583223,0
27594876,0
27598610,0
27598520,0
27602336,0
27584861,0
27600137,0
27598123,0
27600143,0
27590851,0
27582006,0
27593465,0
27581370,0
27597862,0
27579546,0
27578036,0
27589986,0
27577074,1
27587480,0
27580456,0
27587991,0
27587937,0
27579407,0
27576703,0
27581472,0
27586735,0
27579420,0
25695690,0
27576504,0
27590444,0
27585900,0
27599368,0
27588009,0
27577213,0
27602011,0
27584592,0
27592725,0
27587492,0
27579750,0
27580513,0
27592413,1
27589403,0
27581729,0
27599463,0
27586376,0
27592118,0
27593559,1
27580598,0
27590036,0
27577985,0
27595294,0
27581518,0
27577231,0
27591845,0
27577420,0
27591503,0
27580648,0
27590587,0
27589825,0
17626366,0
27596750,0
27502708,0
27593171,0
27594068,0
27580618,0
27595364,0
15597105,0
27597572,0
27597955,0
27601982,0
27584905,0
27591311,0
27601783,0
16043828,0
27594406,0
21594665,0
27586652,0
27578203,0
27577692,0
27596343,0
27582637,0
27594117,0
27590271,0
235,0
27588359,0
27599589,0
7628753,0
27579990,0
27577089,0
27601668,0
27602279,0
27209210,0
27584706,0
27587392,0
27588003,0
27592408,0
27580021,0
25277525,0
27576476,0
27598046,0
25322874,1
27596943,0
27580632,0
27591054,0
27589271,0
27585798,0
27600733,0
27579759,0
27593179,0
27582697,0
27584587,0
27597263,0
27596949,0
27582109,0
27577882,0
27581806,0
27591761,0
27576319,0
27586135,0
27585733,0
27593086,0
24055054,0
27598191,0
27600851,0
27576702,0
27581072,0
27590182,0
27582569,0
27598147,0
27020857,0
27582547,0
27580236,0
27601678,0
27585484,0
27584898,0
16912188,0
27585679,0
27577731,0
27582746,0
27579855,0
27598428,0
27593906,0
27596864,0
27603324,0
27601569,0
27584792,0
27579170,0
27577390,0
27595260,0
27585029,0
27578962,0
27578853,0
27580906,0
27597650,0
27586017,0
27600159,0
27580337,0
26771872,0
27594047,0
27588261,0
27590437,0
27582488,0
27596437,0
27579539,0
27599753,0
26924578,0
27586336,0
27578202,0
27581298,0
27598605,0
27603789,0
27589761,0
27599446,0
27587117,0
27586488,0
16409295,0
27591512,0
27582128,0
27586513,0
24166148,1
27682877,0
27593466,0
27581896,0
27588133,0
27590648,0
26324739,0
27588250,0
18559874,0
27588718,0
27599091,0
27601106,0
27585792,0
27599591,0
27599398,0
27588823,0
27577405,0
27588581,0
27601944,0
27603448,0
27577534,0
27600936,0
27598469,0
27582777,0
27589766,0
27597853,0
27590141,0
27588831,0
27588219,0
27585306,0
27586687,0
27582468,0
27603178,0
27586091,0
27601777,0
27594857,0
27581639,0
27581446,0
27599609,0
24799460,0
27577214,0
27591051,0
27599131,0
27603006,0
27587970,0
27580168,0
27576542,0
27597234,0
27586292,0
27593893,0
27588054,0
27596036,0
27602263,0
27579012,0
26874901,0
27595843,0
27601929,0
27583903,0
27589826,0
27588151,0
27595857,0
27593212,0
27596489,0
27586793,0
27591947,0
27599751,0
27577924,0
27602337,0
27582423,0
27584155,0
27596684,0
27579506,0
27596834,0
27598383,0
27603402,0
27584604,0
27586316,0
27587321,0
27579997,0
21479466,0
27601412,0
27593393,0
27591501,0
27603783,0
27593269,0
27601660,0
27602156,0
27586900,0
27591998,0
27602034,0
27596139,0
27593184,0
27580376,0
27576433,0
27584555,0
7660122,0
27590623,0
27595886,0
27593391,0
27598442,0
27579312,0
27591487,0
27580956,0
27591696,0
27588434,0
27579542,0
27588557,0
27211795,0
27591816,0
27593469,0
27584815,0
27576602,0
27593762,0
27593963,0
27596501,0
27577769,0
27594326,0
27578929,0
27598766,0
26943774,0
27582244,0
27589910,0
27587452,0
23400593,0
27596230,0
27576701,0
27590725,0
24667279,0
27586451,0
27587722,0
24366379,0
26693073,0
27579896,0
27590244,0
27583263,0
27580495,0
27601019,0
16843266,0
27577767,0
27584585,0
27587044,0
27593459,0
27586511,0
27595274,0
27598114,0
27577115,0
27599628,0
27592164,0
27588115,0
27602075,0
27599655,0
27599703,0
27585571,0
27587331,0
27601371,0
27577881,0
27580051,0
27592300,0
27579311,0
27582579,0
27599773,0
27600567,0
27601976,0
27591751,0
27601780,0
27589702,0
27592572,0
27578323,1
27591173,0
27603001,0
27583703,0
22961667,0
27582729,0
27602087,0
27591187,0
27588400,1
27582627,0
27581475,0
27590708,0
25542057,1
25730903,0
27603526,0
27602430,0
27601036,0
27600910,0
27595958,0
26169613,0
27590870,0
27578771,0
27577481,0
27579221,0
26459251,0
27600777,0
27594344,0
27580755,0
27590655,0
27603682,0
27583683,0
27595672,0
27583436,0
27584973,0
27578452,0
27601961,0
27582307,0
27600151,0
27597747,0
27602567,0
26352686,0
27598821,0
27597657,0
26028255,0
27577215,0
27597233,0
27591192,0
27587310,0
27590124,0
27602141,0
27602111,0
27577611,0
27598265,0
27582302,0
27577872,0
27586854,0
27581487,0
27590751,0
27590579,0
27583692,0
27602757,0
27601666,0
27586164,0
27591661,0
21889194,0
27601966,0
27601233,0
27598574,0
27590925,0
27591714,0
27598244,0
27581151,0
27587197,0
27585850,0
27577789,0
27601145,0
27582450,0
27591134,0
27581197,0
27589958,0
27588902,0
27603202,0
27602490,0
27585290,0
27586830,0
27600263,0
27587732,0
27603942,0
27588279,0
27598384,0
29683819,0
27579432,0
27588468,0
27584907,0
27596591,0
27602148,0
27602294,0
27591532,0
27588135,0
27582341,0
27598387,0
27590571,0
27584577,0
27577223,0
27601406,0
27600127,0
27576604,0
27578421,0
25066378,0
27582745,0
18334972,0
27589752,0
23806793,0
27592385,0
27585032,0
27600614,0
21075781,0
27600333,0
27585109,0
27586842,0
27597570,0
27594584,0
27600289,0
27578481,0
27592159,0
27595973,0
27596837,0
27603668,0
26920892,0
27589546,0
27595625,0
27580982,0
27594687,0
17267906,0
27598132,0
27593569,0
27599200,0
27591734,0
27589496,0
27580731,0
27586038,0
27590740,0
27602389,0
27582340,0
27594932,0
27577955,0
27582063,0
27593552,0
27584833,0
27581778,0
27581814,0
27587588,0
27596595,0
27596608,0
22899400,0
27600751,0
27591970,0
27585790,0
27587606,0
27589524,0
27603311,0
27581588,0
27587913,0
27585273,0
27603408,0
27595512,0
21762985,0
27592104,0
27579894,1
27593871,0
27581464,0
27589256,0
27582736,0
27580111,0
27590425,0
27600453,0
27583788,0
27582748,0
27598222,0
27588827,0
27590446,0
27583898,0
27595676,0
27596267,0
27601839,0
27588833,0
27578555,0
27597114,0
27588879,0
27602967,0
27602909,0
27577693,0
27598580,0
27578471,0
27598592,0
27577082,0
27581014,1
27587686,0
10208439,0
27602872,0
27600717,0
27594335,0
27588008,0
27591266,0
27601972,0
27584006,0
27591402,0
27600728,0
27597837,0
27596713,0
27590005,0
27590250,0
27592138,0
27584724,0
27589602,0
27602270,0
27576373,0
27603708,0
27593740,0
27579334,0
27579995,0
27596508,0
27600466,0
27585846,0
27592179,0
27602052,0
27594674,0
27594922,0
27580151,0
27585560,0
27603692,0
27592342,0
27584936,0
27599393,0
27586529,0
27179038,0
27584940,0
27583147,0
27587828,0
27601473,0
27599558,0
27590780,0
27594097,0
27595241,0
27599603,0
27598501,0
27602587,0
27582604,0
27585882,0
27593816,0
27595487,0
27580837,0
27582089,1
27603404,0
27597782,0
27579545,0
27582756,0
27587153,0
27591256,0
27600563,0
27590028,0
27589359,0
27595688,0
27600774,0
27596746,0
27588193,0
27584016,0
27576524,0
27595543,0
27598786,0
27590707,0
27590489,0
27577946,0
27582241,0
27603901,0
27587538,0
27601161,0
27579876,0
27827313,1
27602002,0
27578528,0
27598322,0
27591517,0
27597380,0
27595130,0
27586471,0
27581157,0
27599442,0
24705254,0
27603353,0
28490518,0
27683556,0
27590206,0
27580209,0
27602601,0
27586889,0
27580087,0
27578961,0
27598695,0
27585660,0
27577376,0
25719666,0
27585912,0
27578165,0
27579937,0
27593795,0
27582771,0
27583927,0
27585397,0
27595791,0
27581850,0
27589833,0
10786679,0
10737795,0
27599457,0
27580433,0
27594577,0
27391784,0
27579939,0
27581086,0
27600256,0
27590068,0
27600433,0
27588859,0
27583398,0
27587925,0
27592553,0
27577621,0
27584137,0
27577262,0
27600441,0
27586823,0
27590808,0
27595901,0
27578576,0
27592618,0
27582587,0
26351323,0
27595437,0
27597874,0
27601986,0
27592468,0
27586711,0
27595924,0
27590660,0
27586932,0
27591216,0
27592059,0
27582570,0
27579033,0
27595556,0
27578987,0
27586202,0
27600407,0
27579184,0
27596355,0
27583264,0
27578235,0
27591779,0
22573716,0
20372971,0
27588481,0
27596838,0
27586820,0
12748244,0
27601060,0
27593595,0
27582707,0
27594528,0
15236194,0
27576598,0
27602927,0
27582071,0
27582505,0
27577728,0
27587503,0
27591427,0
27580052,0
26510020,1
27585206,0
27597387,0
27581268,0
27599009,0
27585423,0
27595820,0
27580527,0
27594840,0
27592389,0
27576793,0
26666244,0
27595504,0
27587340,0
27587929,0
27592552,0
28526536,0
27585835,0
27594432,0
27584908,0
27580473,0
27600766,0
27601974,0
27598773,0
27593532,0
27595293,0
27601716,0
27590432,0
27596935,0
27600182,0
27581223,0
27594826,0
27592296,0
26708155,0
27580428,0
27603884,0
27602486,0
27602700,0
27601219,0
23543055,0
27589949,0
27601941,0
24576830,0
23099891,0
27595360,0
27583276,0
27588118,0
27602203,0
27577921,0
16258541,0
27584570,0
27581597,0
27590306,0
27591754,0
27586142,0
27586916,0
27598063,0
27599959,0
830,0
27603371,0
27589591,0
27590239,0
27600872,0
27577216,0
27593925,0
27598872,0
27593108,0
27578938,0
27585125,0
27600719,0
25852058,0
27598563,0
27584019,0
27579761,0
27587482,0
27590793,0
16091734,0
26617739,0
27589505,0
27592233,0
27588703,0
27596117,0
27598604,0
27594755,0
27584681,0
27579884,0
27599472,0
27577188,0
27602726,0
27600742,0
19666869,0
27587247,0
27577892,0
27580820,0
27585202,1
27597244,0
27599477,0
28554764,0
27598689,0
27587501,0
27597156,0
27595174,0
27288695,0
27583391,0
27603090,0
27584840,0
27603002,0
27580095,0
29233825,0
27578268,0
27587179,0
27581471,0
27579431,0
27578559,0
27587916,0
27595796,0
27588523,0
27581952,0
27592153,0
27591150,0
27579816,0
27603932,0
20131302,0
27588681,0
27595502,0
27588497,0
27590138,0
27580546,0
27582272,0
27588076,0
19078957,0
21515735,0
27591537,0
27587468,0
27599884,0
27592163,0
27582695,0
27588017,0
27596735,0
24758907,0
27591462,0
27601222,0
27594535,0
27586938,0
27601504,0
27602206,0
27593914,0
27602991,0
27598335,0
27595152,0
27594653,0
27587419,0
27592028,1
27578689,0
27580463,0
27578198,0
27594784,0
27577026,0
27603539,0
27591978,0
22406760,0
27578920,0
27600677,0
27587280,0
27591718,0
27580361,0
27602545,0
27601300,0
27603395,0
27592818,0
27595569,0
27594141,0
27583835,0
27602777,0
27582726,0
27599919,0
25122427,0
27580472,0
27581903,0
27585527,0
27584665,0
27589607,0
27599189,0
27585080,0
27596718,0
27597964,0
24943832,0
27601358,0
27599523,0
27598343,0
27591179,0
27594820,0
27583860,0
27590411,0
27577266,0
27583545,0
27601738,0
27583643,0
24770870,0
27535106,0
27597942,0
27593241,0
27601464,0
27590848,0
27590315,0
27582105,0
27602437,0
27603544,0
27588396,0
27594095,0
27582050,0
27593593,0
27591058,0
27595335,0
27579457,0
27590059,0
27603340,0
27588472,0
27601221,0
25108355,0
27583303,0
27586692,0
27582094,0
27577272,0
27585675,0
27602154,0
27590970,0
27600848,0
27586737,0
27589220,0
27593907,0
27581089,0
27595836,0
23094721,0
27590178,0
27592119,0
27603354,0
27588816,0
27583886,0
27579891,0
27582008,0
27579992,0
27576593,0
27601642,0
27578004,0
27577875,0
27579200,0
27587716,0
27601179,0
27585717,0
27586230,0
27596481,0
27591586,0
27579399,0
27602882,0
27591510,0
27583403,0
27581155,0
27590063,0
27589960,0
27595419,1
27581485,0
27601195,0
27594664,1
27576710,0
27587902,0
17103226,0
27590504,0
27601685,0
27579725,0
27601834,0
27594294,0
27594809,1
24253377,0
27583891,0
27600322,0
27587956,0
27602282,0
27603421,0
27585118,1
28919011,0
27592306,0
27592525,0
27596961,0
27595679,0
27586404,0
27578124,0
27582086,0
27582535,0
27596613,0
27599229,0
27582649,0
27594680,0
27599418,0
27586593,0
27594798,0
27601838,0
27586263,0
27601722,0
27582896,0
23190221,0
27598464,0
27598043,0
27587742,0
27579519,0
23245996,0
27602190,0
27590686,0
27586741,0
27584008,0
26162296,0
27584020,0
27587088,0
27582065,0
27589689,0
25961751,0
27577097,0
27590249,0
27581930,0
27585419,0
27587146,0
27589889,0
27592283,0
27590461,0
27585436,0
27595499,0
28079291,0
27580749,0
27599745,0
27592377,0
17947469,0
27583813,0
27590357,0
27577679,0
27603665,0
27586179,0
27597535,0
27579481,0
27598456,0
27578018,0
27591161,0
27590478,0
27594816,0
27603120,0
23558291,0
27583271,0
27577719,0
27594568,0
27594649,0
27587286,0
21732342,0
27259260,0
27600933,1
27590516,0
27584857,0
27601729,0
27597936,0
27594654,0
27597937,0
27599853,0
27602578,0
27601687,0
27599285,0
27586040,0
27581641,0
27586044,0
27580374,0
27579220,0
27599125,0
27598266,0
27587597,0
26437031,0
27590647,0
27589370,0
27584034,0
27598176,0
27582332,0
27578930,0
27590062,0
27586699,0
27591763,0
27601985,0
27588380,0
27593433,0
27602963,1
27600278,0
27594137,0
27584081,0
27589796,0
27601383,0
27585562,0
27577547,0
27588702,0
27592564,0
27578933,0
11607825,0
27595751,0
27599895,0
27600100,0
27595135,0
27601744,0
27594847,0
25373973,0
27597836,0
27576513,0
27596241,0
27591808,0
27587473,0
27592718,0
27579003,0
27577910,1
27596594,0
27602388,0
27591438,0
27591912,0
27590122,0
27577952,0
27590976,1
27593617,0
27595854,0
19366796,0
27597852,0
27592521,0
27581713,0
27588286,0
27580175,0
27595166,0
27578617,0
27599749,0
27602317,0
27591633,0
27600021,0
27584674,0
27582747,0
27591203,0
27579197,0
27595110,0
27599357,0
11595686,0
27576580,0
27582492,0
27602147,1
27590611,0
27594652,0
27586617,0
27603690,0
27579714,0
27590614,0
27586899,0
27592495,1
27592480,0
27601847,0
27590389,0
27591335,0
26459177,0
27581816,0
27593237,0
27595261,0
23415752,0
27596960,0
27602242,0
27583221,0
27592255,0
27591719,0
27578220,0
27603138,0
27592485,0
27599511,0
27585722,0
27578061,0
27598154,0
27581623,0
27579353,0
27580488,0
27601435,0
27583679,0
27603158,0
27591302,0
27598575,0
21447798,0
27590850,0
18000506,0
27583677,0
27580532,0
27597400,0
27596223,0
27591742,0
27590902,0
27583902,0
27580091,0
27592520,0
27600481,0
27586468,0
27599050,0
27591700,0
27593516,0
27577879,0
26370156,0
23569316,0
27587291,0
27588198,0
25501126,0
27579957,0
27591373,0
27577686,0
27580203,0
27592549,0
27601714,0
23969938,0
27597138,0
27600486,0
27577603,0
27594332,0
27602062,0
27598342,0
27579610,0
27577015,0
27576333,0
27595087,0
27600518,0
27586694,0
27597899,0
27231576,0
27598641,0
27595244,0
27586597,0
27602120,0
27590916,0
27577210,0
27591755,0
27599106,0
23274911,0
27599889,0
27603514,0
27582693,0
27583065,0
27588935,0
27587115,0
27583906,0
27598830,0
27591252,0
27577360,0
27591528,0
27578067,0
27599057,0
25542901,0
27590973,0
27593246,0
27595697,0
27595618,0
27597956,0
27580036,0
27599550,0
27580757,0
27601324,0
27579602,0
27583043,0
27594333,0
27583039,0
27593705,0
27601023,0
27597656,0
27578298,0
27595153,0
27595369,0
27601292,0
26701727,0
27593802,0
27578290,0
27602140,0
27603308,0
27591100,0
28330462,0
27579247,0
27581587,0
27579677,0
24931142,0
18555254,0
27587726,0
27578616,0
27592709,0
21964340,0
27580856,0
15626738,0
27584701,0
27579358,1
27581330,0
27585706,0
27600080,0
27601027,0
27577314,0
27577994,0
27583183,0
27596534,0
27587981,0
27579798,0
27592420,0
27581216,0
27586731,0
27599161,0
27598035,0
27602182,0
22,0
27590842,0
27601042,0
27588169,0
16150941,0
27591650,0
27583372,0
27591378,0
27588930,0
27580485,0
27598316,0
27595351,0
27579146,0
27583527,0
27591925,0
27582023,0
27580047,0
27595186,0
27576508,0
27576716,0
27578345,0
27591836,0
27589755,0
21827374,0
27580548,0
27593500,0
27600423,0
27585428,0
27603393,0
20167706,0
27578426,0
17440074,0
27582165,0
27580185,0
27587785,0
27589390,0
27596562,1
27590620,0
27593711,0
27592544,0
27591571,0
9857065,0
27600054,0
18245476,0
27589923,0
27599235,0
27589718,0
27599352,0
27598963,0
27595709,0
27594113,0
27588085,0
27598276,0
27591056,0
27590766,0
27595417,0
27581165,0
27582275,0
27596858,0
27589402,0
27588088,0
27597425,0
27594309,0
27583107,0
27597139,0
27579430,0
27587210,0
27576485,0
27577327,0
27583346,0
27590337,0
27591284,0
27592443,0
27598204,0
27580576,0
27580280,0
27586217,0
27584014,0
27581988,0
27601843,0
27595553,0
22199315,0
27592079,0
27583472,0
27586944,1
27600646,0
27590601,0
27583922,0
27577901,0
27585364,0
27587394,0
27600928,0
27587591,0
27589966,0
27601479,0
27584549,1
27603912,0
27578112,0
90,0
27591007,0
27585264,0
22805291,0
27578800,0
27599630,0
27588075,0
27586354,0
25692060,0
27593941,0
27587840,0
27586097,0
27581522,0
27594938,0
27581211,0
27603970,0
27597925,0
27598422,0
19965641,0
27579168,0
27585868,0
27587786,0
27577338,0
27579369,0
12525520,0
27593731,0
27603556,0
24367492,0
28211448,0
27582251,0
27593492,0
27580032,0
27597525,0
27590144,0
27596929,0
27595033,0
22327622,0
27577762,0
27596379,0
27601442,0
27602067,0
27593551,0
27576539,0
26712222,0
25868852,0
27601081,0
27601302,0
27601643,0
27600336,0
27591346,0
27582180,0
27587180,0
27602252,0
27602020,0
27591507,0
27602092,0
27583447,0
27602245,0
27586727,0
27580354,0
27592207,0
27583083,0
27585226,0
27600006,0
27587290,0
27589385,0
27589342,0
27601626,0
27587679,0
27600878,0
27595881,0
27599771,0
27602543,0
27587027,0
27601677,0
27602215,0
27601514,0
27579208,0
27582178,0
27585430,0
27587747,0
27601229,0
27599158,0
27601496,0
27588951,0
27599859,0
27581655,0
27586426,0
27578164,0
27587962,0
27587390,0
27596381,0
27603508,0
27594881,1
27590830,0
27596487,0
27601954,0
27577459,0
27583849,0
27590225,0
27584584,0
27595121,0
27593618,0
27585843,0
27600248,0
28283584,0
27592187,0
27364904,0
27597174,0
27578886,1
27576332,0
27601987,0
27589719,0
27576554,0
27591565,0
27579747,0
27586672,0
27591367,0
27580907,0
27582322,0
27596008,0
27579293,0
27600487,0
742,0
27603903,0
27596681,0
27596004,0
27588560,0
27599737,0
27596256,0
27579144,0
27596627,0
27595236,0
27594700,0
27583375,0
27589964,0
27593252,0
27597397,0
27591595,0
27600944,0
27603028,0
27581208,0
27588608,0
18832571,0
27599435,0
21380780,0
27583242,0
27593182,0
27599291,0
27590105,0
27595710,0
27577906,0
27591587,0
27602995,0
27580277,0
27579164,0
27598055,0
27590256,0
27598902,0
27588145,0
27587963,0
27583875,0
27580419,0
27577939,0
27580438,0
27585416,0
27592815,0
27585852,0
27576885,0
27586035,0
27581798,0
27583523,0
27583054,0
27595686,0
27580123,0
27602694,0
27590065,0
27599759,0
27593193,0
27592513,0
25086725,0
27582370,0
27598840,0
27581752,0
27601181,0
27590112,0
27602566,0
27591773,0
27590874,0
27590729,0
27589533,0
27601571,0
27579517,0
27582393,0
27595718,0
27582368,0
27598767,0
27579922,0
27584684,0
24439929,0
27597381,0
27582435,0
27580767,0
27587960,0
27588598,0
27588677,0
27577781,0
27587133,0
27587705,0
27592531,0
27590413,0
27603575,0
27582679,0
27588440,0
27579844,0
27577337,0
27594180,0
24556366,0
27338794,0
24512910,0
27597912,0
24077805,0
27599553,0
27579553,0
27603582,0
27595016,0
23435671,0
23583440,0
27588339,0
27579582,0
27589715,0
27585487,0
27587052,0
27604071,0
27582763,0
27599527,0
27596239,0
27603721,0
27593693,0
24578576,0
27583777,0
27586824,0
27591498,0
27588107,0
27592290,1
27581894,0
27588301,0
27579840,0
27601432,0
27584063,0
27602751,0
27603231,0
15667533,0
27601104,0
27597962,0
27600976,0
27576714,0
27601813,0
27597812,0
27588889,0
27590800,0
21343559,0
27594844,0
27582166,0
19223544,0
27585670,0
27599109,0
27586353,0
27579214,1
27595053,0
27586872,0
27585844,0
27603564,0
18388863,0
27594850,0
27587564,0
27589018,0
26686064,0
27588087,0
27581541,0
24327581,0
27577113,0
19304957,0
20018760,0
27591329,0
27593564,0
23673869,0
27580712,0
27580379,0
27585883,0
27599819,0
25883215,0
27590498,0
27601625,0
27600754,0
27580193,0
27588264,0
27601517,0
27597268,0
27594779,0
27603345,0
27595411,0
27593154,0
26596839,0
27583299,0
27600804,0
27595422,0
27591713,0
27584700,0
27591474,0
27600303,0
27587711,0
27580557,0
27586948,0
27591090,0
27577674,0
27583896,0
27589033,0
27585669,0
27589945,0
27579930,0
27583645,0
27587306,0
27583401,0
27602291,0
27590597,0
27586761,0
27600012,0
27591996,0
27586859,0
23881929,0
27600455,0
27592045,0
27591802,0
27578888,0
27580847,0
27588245,0
22933245,0
27597446,0
27601533,0
27590336,0
27597846,0
27576792,0
27592053,0
27593510,0
27600977,0
27592858,0
27594336,0
27600865,0
27577189,0
27582025,0
27579007,0
27577916,0
25810463,0
27602229,0
27741524,0
26015511,0
27597952,1
27595407,0
27727447,0
27597261,0
27596739,0
27581852,0
27581709,0
27602510,0
27578567,0
27598868,0
27582119,0
27581978,0
27596556,0
27580153,0
27598785,0
27603512,0
27591554,0
27595671,0
27602773,0
27592808,0
19047179,0
27601374,0
27593789,0
27578981,0
27602269,0
27596862,0
27602584,0
27600048,0
27578057,0
27599416,0
27601913,0
27576434,1
27586626,0
27600638,0
27593976,0
27598001,0
27582475,0
27581779,0
27597532,0
20354191,0
27580045,0
27599293,0
27585067,0
27584689,0
27591411,0
27582140,0
27599556,0
27579511,0
27601577,0
27601394,0
27592178,0
27578578,0
27602012,0
27588738,0
27596440,0
27592289,0
27578021,0
27601047,0
27577978,0
27603959,0
27593350,0
27594168,0
27600632,0
18632985,0
27598596,0
27603196,0
27583557,0
27591122,0
27591068,0
27585110,0
27595002,0
27583044,0
27585491,0
27592293,0
27590781,0
27600291,0
27577587,0
27587049,0
27579710,0
27586139,0
27577348,1
27601142,0
27599040,0
27579428,0
27585984,0
27580816,0
27580167,0
27580328,0
27587440,0
27591971,0
27599180,0
27577228,0
27588045,0
27581887,0
27601981,0
27579573,0
27578111,0
25184630,0
27601454,0
28275037,0
27580799,0
27583015,0
27593436,1
27591935,0
27584148,0
27601373,0
27603752,0
27582891,0
27602509,0
27580517,1
27595909,0
27583262,0
27586925,0
24782778,0
27600031,0
27592536,0
27583787,0
27590309,0
27598177,0
27597526,0
27598193,0
12237773,0
27585026,0
25964244,0
27581159,0
27581398,0
27594701,0
27588111,0
27590175,0
27587886,0
27593185,0
27586628,0
27592568,0
27583637,0
27601914,0
27603527,0
27587890,0
27580170,0
27599667,0
27587486,0
27578289,0
27580391,0
27582387,0
27598125,1
27603703,0
27589837,0
26822398,0
27599075,0
27578839,0
27590208,0
27591539,0
27584600,0
27596024,0
17998284,0
27587036,0
27580009,0
27586831,0
27596946,0
27596538,0
27600106,0
27588436,0
27603228,0
27600824,0
27576512,0
27588437,0
27593913,0
27598702,0
27583564,0
27596851,0
27582636,0
27591097,0
27597636,0
27580824,0
27577528,0
25037629,0
27601307,0
27581468,0
27577039,0
27876675,1
27591033,0
27601907,0
27591666,0
27585476,0
27592131,0
27576590,0
27602885,0
27602436,0
27577243,0
27586170,0
27596621,0
27585745,0
27578551,0
27592327,0
27581945,0
26637881,0
27591818,0
27595453,0
27583225,0
27589584,0
27598404,0
27601720,0
27578508,0
14726387,0
27577849,0
27583700,0
27588157,0
27599143,0
27593874,0
27578856,0
27581550,0
27601428,0
21888027,0
27591821,0
23333114,0
27590119,0
27586495,0
27595139,0
27583213,0
27596857,0
27599907,0
27588529,0
27579499,0
24586741,1
16046528,0
27580504,0
27577433,1
27586810,0
27589694,0
27594507,0
27581185,0
27586343,0
27582154,0
27590378,0
27576670,0
27578146,0
27594978,0
23570906,0
27592034,0
27595921,0
27583250,0
27598141,0
27589916,0
27584606,0
27585772,0
27601304,0
27590326,0
27583089,0
27596536,0
25698061,0
27587603,0
27588103,0
27593243,0
27579176,0
27582404,0
27583460,0
27600465,0
27585572,0
27599093,0
25727400,0
27595353,0
27578228,0
27588126,0
27577319,0
27578456,0
27596265,0
27592270,0
24240112,0
16213360,0
978,0
27578182,0
27581555,0
27595100,0
27589061,0
27588419,0
27596132,0
25082261,0
27581076,0
27576497,0
27580251,0
27588091,0
831,0
27600513,0
27586703,0
27587163,0
27578483,0
27595323,0
27597418,0
27604064,0
27586592,0
27600788,0
27596942,0
27598934,0
26987942,0
27592746,0
27580219,0
25960219,0
27583571,0
27602209,0
27597317,0
27598341,0
27595076,0
27595633,0
27591629,0
19620561,0
15178581,0
26418749,0
27579603,0
26032424,0
27580612,0
27576937,0
27585711,0
27599177,0
27586245,0
27586265,0
27597524,0
27590265,0
21309039,0
27601461,0
27581895,0
27592605,0
27590621,0
27591477,0
27580623,0
27597727,0
27598190,0
27589486,0
27602713,0
27602502,0
27596625,0
27583635,0
27581644,0
27593387,0
27602485,0
27594063,0
27577483,0
27589010,0
27579514,0
24046014,0
27595931,0
27604045,0
27595331,0
27603907,0
27598884,0
23802768,0
27601778,0
27599502,0
27276402,0
27585030,0
27583769,0
27594380,0
27598376,0
27597947,0
27577303,0
27579351,0
26104654,0
27581605,0
27590895,0
27596835,0
27603310,0
27590226,0
27598332,0
27579484,0
27589149,0
27599121,0
27580392,0
27603027,0
24559322,0
17573348,0
27586315,0
27583537,0
27579931,0
27594959,0
27595703,0
27578907,0
27602257,0
27585059,0
27590705,0
27600786,0
27588427,0
27584680,0
27582712,0
27592723,0
27602133,0
27577334,0
27589683,0
27588842,0
27578101,0
27592190,0
26916894,0
27587816,0
21670084,0
27598419,0
27587436,0
27597389,0
27590642,0
27588042,0
27578038,1
27577976,0
26881434,0
27593837,0
27578979,0
27599361,0
27577103,0
27593991,1
27603350,0
21576762,0
69,0
27582508,0
27581213,0
27591882,0
27596631,0
27579900,0
27582885,0
27578509,0
27600577,0
27588441,0
27591559,0
27588674,0
27593958,0
27580505,0
27597949,0
27578970,0
27581230,0
27598589,0
27599174,0
27580020,0
27582262,0
27601988,0
25027743,0
27592627,0
27601453,0
10567493,0
27602409,0
27586277,0
27581681,0
27583268,0
27601095,0
24035431,0
14612939,0
27595986,0
27602094,0
27593674,0
27593927,0
27589251,0
27586716,0
27603516,0
24240700,0
22114577,0
27585234,0
27588176,1
27583360,0
27576349,0
27578005,0
22490330,0
27583829,0
27597439,0
27588555,0
27603879,0
15705718,0
22683710,0
27578143,0
22496619,0
27602016,0
27599626,0
27600558,0
27589930,0
27590362,0
27598518,0
27579309,1
27577305,0
27588187,0
27581128,0
27584011,0
27597247,0
27578752,0
27582536,0
27587697,0
27578785,0
27587342,0
27581976,0
27581093,0
27587129,0
27602946,0
27587990,0
27595748,0
27589779,0
27579877,0
27581140,0
27580129,0
24882434,0
27587370,0
27590634,0
27580196,0
27596399,0
27587811,0
27602114,1
27599939,0
27595549,0
27588603,0
27593557,0
27595245,0
27589407,0
27581913,0
27592280,0
27588139,0
27588393,0
27586602,0
25802883,0
27603229,0
27582620,0
27602541,0
27016230,0
27591261,0
18990089,0
27589020,0
27588178,0
27597804,0
27594795,0
27576676,0
27588887,0
27586469,0
27583193,0
27581774,0
27582886,0
27581121,0
27602804,0
27602315,0
27593860,0
27579274,0
27600172,0
27592277,0
27578051,0
27583186,0
15217946,0
27592386,0
27578090,0
27591036,0
27600183,1
27594769,0
27582030,0
27602401,1
27601760,0
27587004,0
27602300,0
27582654,0
27603332,0
27588421,0
27585598,0
27586641,0
27589575,0
27577868,0
27583402,0
27587167,0
27578054,0
27578892,0
27579845,0
27589883,0
25971939,0
27592294,0
27577685,0
27591468,0
27587655,0
27581869,0
27597645,0
27584693,0
27590555,0
27602296,0
27588936,0
21823110,0
27585648,0
27596944,0
27598740,0
20336784,0
27582984,0
27587898,0
27577377,0
27601089,0
27593979,0
27581001,0
23261068,0
27603905,0
27594841,1
19603346,0
27598355,0
27600631,0
26758680,0
27588378,0
27470558,0
27591746,0
27586670,0
27595474,0
27602186,0
28103611,0
27590019,0
27591366,0
27590304,0
27591581,0
27586532,0
27603543,0
9681858,0
27581830,0
27582330,0
27582236,0
23828442,0
27585685,0
27581947,0
27580602,0
27580393,0
27600420,0
27585878,0
27603691,0
27580599,0
16101197,0
18635227,0
27598994,0
27601399,0
27586177,0
27583995,0
28055970,0
27599702,0
27580429,0
27592870,0
27579672,0
27604051,0
27581459,0
27581800,0
23204226,0
27598112,0
27576533,0
27586029,0
27581810,0
27596685,0
27602072,0
27587400,0
27578341,0
27588034,0
27595380,0
27602725,0
27578262,0
27022112,0
27593336,0
27585643,0
27590470,0
27578932,1
27589723,0
27598643,0
27585965,0
27587952,0
27578855,0
27576950,0
27576668,0
27598104,0
27578877,0
27585212,0
27586801,0
27597909,0
27579345,0
27581658,0
27579462,0
27577740,0
27592264,0
27599714,0
27587199,0
27598511,0
27586257,0
27583435,0
27576543,0
27582548,0
27576594,0
27588379,0
27590201,0
27579453,0
27601509,0
27578803,0
27595232,0
27592276,0
27600257,0
27597971,0
27592095,0
27580701,0
27603888,0
27580864,0
27591370,0
27584726,0
26086854,0
27591480,0
27587596,0
27585543,0
27586825,0
27581651,0
27594988,0
27591593,0
27583928,0
27588947,0
27598960,0
27581171,0
27590168,0
27592201,0
27585859,0
27596483,0
27579226,0
27586070,0
27582881,0
27577977,0
27602603,0
27579731,0
27598637,0
27590501,0
27599598,0
27576520,0
27600882,0
27587110,0
27582498,0
27595927,0
27599170,1
27594666,0
27586791,0
27591502,0
27580732,0
27586887,0
27591112,0
27579579,0
27579210,0
27581858,0
27598319,0
27598358,0
27582234,0
27870574,0
27576437,0
27586909,0
17372901,0
27587222,0
27587073,0
27584087,0
27598070,0
27597799,0
27594930,0
27602930,0
27577404,0
27598982,0
27600802,0
27578939,0
27577556,0
27598375,0
27576924,0
27599306,1
27579968,0
27585079,0
27586075,0
27594419,0
27586538,0
23382472,0
27600125,0
27594733,0
27591576,0
27593877,0
27585533,0
27582220,0
27589330,0
24109527,0
27601379,0
27602042,0
27585787,0
27576850,0
27579438,0
27582375,0
27599532,1
27594828,0
27594919,0
27601543,0
27595729,0
27581198,0
27601589,0
27587826,0
27591767,0
27580643,0
27586234,0
27580144,0
22080184,0
27585820,0
23667841,0
27599508,0
26033501,0
27591613,0
27580628,0
27580877,0
24345920,0
27579209,0
27587526,0
27595171,0
27600537,0
27583148,0
27577709,0
27589222,0
27581423,0
27596502,0
18829560,0
27578476,0
27576534,0
27581620,0
27600468,0
27591945,0
28183331,0
27591704,0
27591348,0
27586746,0
27578117,0
27589925,0
27589936,0
27598260,0
27594751,0
27586457,0
27577736,0
27583185,0
27583549,0
27576530,0
27601833,0
15880580,0
27600770,1
27598567,0
27579785,0
27586901,0
17387270,0
27590871,0
27592113,0
27598279,0
27582515,0
27598044,0
23030486,0
27593872,0
27600673,0
27590342,0
27601990,0
27601864,0
27598638,0
27595379,0
27586037,0
27601217,0
27593164,0
27580802,0
12476305,0
27597641,0
27579739,0
27592158,0
27599724,0
27566443,0
15709172,0
27603356,0
27601818,0
27591609,0
27579956,0
17186357,0
27600315,0
27587987,0
9435426,0
27592395,0
27580580,0
27576505,0
27582286,0
27599909,0
27590457,0
27589778,0
27093299,0
27597406,0
27597178,0
27593518,0
27602888,0
27598525,0
27580941,0
27580706,0
27598146,0
27585083,0
27585725,0
27586098,0
27588447,0
27595168,0
27596742,0
27598194,0
24398672,0
27587094,0
27579512,0
27583986,0
27601651,0
27583651,0
27601865,0
27591628,0
26674132,0
27602003,0
27599355,0
27580075,0
27595903,0
27597810,0
27594292,0
27583863,0
27576606,0
27600298,0
27590303,1
27581225,0
27591599,0
27591456,0
27586635,0
27582321,0
27590882,0
27588941,0
27583209,0
27600036,0
27589667,0
27598953,0
16096377,0
25394791,0
27586323,0
27601652,0
26209642,0
27584602,0
25973082,0
27585355,0
27582028,0
27601335,0
27595541,0
27863413,0
27598487,0
27586387,0
27577957,0
27600979,0
27593867,0
27596823,0
27590731,0
27591647,0
27599860,0
27597161,0
27602989,0
27580698,0
27602768,0
27602984,0
24653627,0
27603192,0
27591259,0
27585238,0
27590429,0
27596598,0
27577397,0
27578595,0
27603136,0
27585315,0
27585556,0
27592728,0
27579267,0
27583552,0
27600722,0
27588039,0
27598811,1
27601892,0
27586875,0
27596080,0
27598629,0
27583642,0
27602549,0
27598351,0
27587958,0
27603882,0
27582064,0
27589682,0
27601116,0
27592195,0
27589597,0
27586601,0
27579527,0
27586745,0
27577079,0
27599704,0
27587978,0
27591706,0
27591013,0
27597754,0
27595329,0
26918727,0
27231123,0
27599383,0
27582716,0
27585586,0
27591636,0
27581589,0
27595790,0
27588884,0
27592135,0
27576879,0
27582145,0
27598625,0
21160078,0
27583444,0
27585555,0
27601983,0
27580436,0
27577222,0
27592412,0
27591543,0
27599694,0
27597447,0
27585901,0
27593211,0
27603024,0
21131919,0
27580552,0
27958275,0
27599013,0
27583190,0
25686104,0
27587527,0
27601502,0
27580635,0
27582416,0
27594305,0
27594766,0
27578000,0
27586639,0
27593227,0
27599196,0
27586363,0
27577030,0
27598107,0
27601064,0
27601411,0
27601680,0
20951942,0
26589432,0
27602722,0
27626698,0
27576700,0
27599541,0
27599758,0
27591102,0
27581606,0
27578894,0
27602418,0
27592583,0
27594306,0
25673644,0
27593224,0
27589554,0
27601973,0
27601240,0
27577753,0
27578478,0
27581628,0
27584931,0
27579472,0
28979142,0
27588072,0
27582156,0
25152116,0
27592226,0
27589876,0
27580640,0
27577326,0
27583474,0
27582328,0
27601069,0
27599162,0
27601346,0
27594374,0
27598577,0
27596741,0
27596331,0
27590922,0
27598993,0
27600958,0
27580304,0
23177515,0
27580083,0
27589768,0
27583241,0
27587741,0
27592051,0
27586326,0
27601425,0
27583025,0
27587589,0
27603224,0
27589940,0
27578376,0
27580332,0
27591526,0
27598149,0
27601097,0
27582994,0
27576926,0
27579460,0
27586700,0
27580394,0
27581578,0
27588182,0
27576954,0
27590052,0
25268372,1
27602051,0
27601842,0
27595158,0
27297869,0
27581625,0
27597545,0
27592489,1
27598542,0
27593272,0
27586204,0
27595342,0
27588876,0
27602755,0
27592139,0
27586173,0
27588819,0
27596987,0
27579490,0
27581118,0
21098728,0
26631613,0
27592686,0
27580117,0
27588092,0
27602929,0
27582779,0
27589951,0
27601085,0
27601925,0
27578758,0
27583162,0
27591697,0
27588883,0
27602246,0
27592442,0
27588855,0
27585976,0
27594665,0
27591086,0
27591030,0
27594049,0
27588846,0
27585696,0
27581929,0
27602497,0
27583142,0
27581056,0
27601189,0
27580995,0
27580396,0
27579449,0
27583169,0
21233402,0
27603696,0
27600703,0
27584979,0
27602990,0
27588601,0
27581971,0
27589388,0
22392911,0
27596392,0
22663011,1
27601775,0
27583238,0
27579459,0
28188185,0
27599288,0
27602235,0
27595324,0
24551032,0
27581547,0
27601199,0
23470965,0
27601449,0
27598652,0
27576934,0
27585988,0
27594562,1
27591644,0
27582185,0
27601398,0
27595095,0
27594730,0
27577542,0
27599222,0
27578977,0
22368272,0
27585282,0
25736571,0
27578861,0
27602529,0
27576596,0
27596940,0
27602327,0
26668065,0
27586185,0
27597271,0
27600969,0
27595397,0
27600490,1
27595185,0
27596692,0
27592130,0
27586095,0
27596094,0
27577571,0
27578375,0
27594720,0
27593453,0
27596027,0
27585734,0
27591547,0
27583878,0
27581436,0
27586273,0
27602346,0
27577294,0
27603180,0
15630448,0
27599671,0
27589479,0
27584021,0
27600181,0
27586653,0
12673678,0
27578526,0
27584704,0
27593334,0
27595775,0
27587230,0
27585809,0
27597322,0
27597315,0
27602421,0
27590604,0
27587817,0
27591903,0
27588712,0
27593467,0
27580835,0
27577424,0
27586201,0
27600310,0
27590365,0
24506072,0
27603135,0
27602600,0
27578514,0
27603339,0
27589523,0
27594187,0
27582114,0
27594517,0
27591583,0
27595767,0
27590450,1
27578781,0
27589265,0
27577102,0
27591701,0
27583117,0
27589566,0
27586776,0
27577226,0
27599305,0
27590535,0
27599330,0
27590684,0
27580638,0
27581881,0
27580549,0
27603749,0
12009017,0
27594554,0
27601735,0
27599726,0
20826716,0
27599720,0
27589337,0
27578632,0
27592216,0
27591380,0
27598572,0
667,0
15824158,0
27599498,1
27587112,0
27587295,0
27588888,0
27583059,0
27596285,0
27582692,0
27581742,0
27581342,0
27590855,0
27585812,0
7728151,0
27599248,0
27596384,0
27579588,0
27598329,0
27592211,0
27590885,0
27594686,0
27586649,0
27580526,0
27591185,0
27584547,0
27580080,0
27592134,0
17285735,0
27582689,0
27579560,1
27597742,0
27579347,0
27584615,0
27595693,0
27582168,0
27594272,0
27595345,0
27592427,0
27589063,0
24469055,0
27578465,0
19029981,0
18607592,0
27596093,0
27583792,0
27587495,0
27602393,0
27600983,0
27580272,0
27602730,0
27598690,0
26307133,0
27597960,0
27600446,0
27597948,0
27580121,0
27597724,0
27579319,0
27580302,0
27590480,0
27588863,0
27590864,0
27596087,0
27586472,0
27578623,0
27598259,0
27599041,0
27602506,0
27590921,0
27599512,0
22805292,0
27579264,0
27581038,0
27590817,0
27599922,0
27600176,0
27601608,0
27579879,0
27587272,0
27603761,0
27599537,0
27602524,0
27597963,0
12727991,0
27603216,0
27577269,0
27595730,0
24092877,0
16076867,0
27587934,0
27588268,0
27600938,0
27592039,0
27595509,0
27588957,0
27594162,0
27598941,0
27592509,0
27580931,0
27583172,0
27578764,0
18003960,0
27577622,0
27589518,0
27600906,0
27603699,0
27577515,0
23932362,0
27602589,0
27582175,0
27599113,0
27593450,0
27591863,0
27584005,0
27601391,0
27601736,0
27594874,0
27576361,0
20233726,0
27597891,1
27582741,0
27599277,0
27594986,0
27576353,0
27588071,0
27580371,0
27577706,0
27596686,0
22591296,0
27602998,0
27590270,0
27592832,0
27595334,1
27577401,0
27589863,0
27577191,0
27598955,0
27592114,1
27580720,0
27582296,0
25856009,0
27597530,0
27579809,0
27603307,0
27593804,0
27595982,0
27597781,0
27596412,0
27587130,0
27580511,0
27594801,0
27602274,0
27592577,0
27580012,0
27599632,0
27589493,0
27598465,0
27585808,0
27599547,0
24440717,0
27588233,0
27585737,0
27582593,0
23393200,0
27579002,0
27598968,0
27595583,0
27586999,0
27598746,0
27600325,0
27600383,0
27590293,0
27602968,0
27592597,0
27601880,0
27592481,0
27588496,0
27582417,0
27592431,0
27600736,0
27603414,0
27576468,0
27598002,0
24297342,0
27599459,0
27596852,0
27600191,0
27579023,0
27585211,0
27591247,0
27602771,0
27602110,0
27598725,0
27587460,0
27578080,0
27603000,0
27578123,0
27594927,0
27578889,0
27578872,0
10547574,0
14993230,0
27589931,0
27577899,0
25294897,0
27587420,0
27580403,0
27601873,0
27581776,0
27591118,0
27580498,0
27595721,0
27589733,0
27590078,0
27584561,0
25537159,0
27601385,0
27601020,0
27577861,0
27588498,0
27593556,1
27602155,0
27226433,0
22325357,1
27603041,0
27580386,0
27590169,0
27591428,0
27578027,0
27580409,0
27586917,0
27585227,0
27597566,0
27601905,0
27599381,0
27595705,0
27592330,0
27579923,0
27595838,0
27595773,0
27583920,0
23463675,0
27585362,0
27590839,0
27599281,0
27598251,0
27587824,0
27578105,0
27595451,0
27600401,0
27587148,0
27590726,0
27596255,0
27591953,0
27603200,0
27600929,0
27602272,0
27579414,0
27587959,0
27582297,0
27595101,1
27591157,0
27599149,0
27586318,0
27595855,0
27580653,0
27597896,0
27597232,0
27599539,0
27577267,0
27585592,0
27576544,0
27598858,0
27585599,0
27585065,0
27595315,0
27590204,0
27594737,0
27748766,0
27586184,0
27577986,0
27588573,0
27598600,0
27600033,0
23904111,0
27580269,0
27592418,0
27580330,0
27593571,0
27581231,0
27599618,0
27499916,0
27590552,0
27598732,0
25250858,0
27580340,0
27598221,0
18451166,0
27584705,0
27582590,0
27586486,0
20940188,1
27596439,0
27599409,0
27599543,0
27581455,0
27595027,0
27577229,0
27592388,0
27586671,0
27592263,0
27581933,0
27594561,0
27603433,0
27590123,0
27596338,0
27600993,0
22711607,0
11853795,0
27578011,0
27589344,0
27597432,0
27590803,0
27603687,0
27589016,0
27578540,0
27580271,0
27600816,0
27601387,0
27587169,0
27600803,0
27585990,0
27585568,0
27588230,0
27576548,0
27577058,0
28404093,0
27583344,0
27596799,0
25524798,0
27595035,0
27579936,0
27585982,0
24748501,0
27587598,0
26906386,0
26423602,0
27596547,0
27579921,0
27578792,0
27589511,0
27597946,0
27589754,0
27591382,0
27602955,0
27597815,0
25273096,0
27603569,0
27585723,0
27603037,0
27592492,0
27592267,0
27586865,0
27582074,0
27588180,0
27600290,0
27579245,0
27602342,0
27583111,0
27593884,0
27581176,0
27585899,0
27578571,0
27590038,0
27588582,0
27582483,0
27592437,0
16243825,0
27595038,0
27585646,0
27586175,0
27598440,0
27593409,0
27579803,0
27600885,0
25686603,0
27579821,0
27587487,0
27587029,0
27585825,0
28492898,0
27580494,0
27578194,0
27592561,0
27592299,0
27584965,0
27593156,0
27590382,0
27589476,0
27583868,0
27579848,0
27594644,0
27581362,0
27576565,1
27588491,0
27602540,0
14645423,0
27595148,0
27588946,0
27599713,0
27590703,0
27592359,0
27592005,0
27588224,0
27602170,0
27581199,1
27583688,0
27589594,0
27585663,0
27589066,0
27589830,0
27159395,0
27600398,0
27591305,0
27592106,0
22395615,0
26181029,0
27587289,0
27592194,0
27589499,0
27580053,0
27585229,0
27599178,0
27602972,0
27596734,0
27590197,0
27586794,0
27580065,0
27600082,0
27593697,0
27594905,0
27587572,0
27583218,0
27599157,0
27578443,0
27603521,0
27591263,0
27597790,0
27600402,0
27589955,0
27594768,0
27578073,0
26238431,0
27598455,0
24035188,0
27595493,1
27603172,1
27598783,0
27593503,0
27589935,0
27586317,0
27595849,0
27601059,0
412,0
27592074,0
27583229,0
27576779,0
27590053,0
27594096,0
27592477,0
27581173,0
27587292,0
27581200,0
27587932,0
27581280,0
27582391,0
27598733,0
27599254,1
27588843,0
27596551,0
27600643,0
27583085,0
27582240,0
27592333,0
27597255,0
27579189,0
27584730,0
27580118,0
27578361,0
27581254,0
27593808,0
27581823,0
27601329,0
27590987,0
27599043,0
20728210,0
27593100,0
27583251,0
27591312,0
27603179,0
27602575,0
27578490,0
27595557,0
27252416,0
27591440,0
1528264,0
27583385,0
27576484,0
21365007,0
27586534,0
27590628,0
27590974,0
27586501,0
27598172,0
27603175,0
26206558,0
27594556,0
27592311,0
27599191,0
400,0
27599076,0
27592390,0
27593798,0
27602319,0
27593353,0
27587777,0
27593413,0
27576689,0
27603369,0
27590391,0
27599017,0
27600408,0
27591253,0
27580853,0
27603756,0
27585528,0
27584858,0
27602056,0
27587173,0
27600769,1
27601937,0
27582392,0
27588539,0
27598425,0
27589561,0
27584569,0
27589926,0
26920887,0
27592416,0
27590917,0
17603484,0
28259530,0
28284557,0
27603095,0
27590838,0
27589872,0
27592399,0
27580159,0
27580660,0
27591783,0
27578553,0
27599310,1
27595818,0
27596051,0
27598270,0
22292935,0
27592446,0
27586975,0
25082755,0
27585849,0
24088390,0
27589543,0
26341751,0
27595081,0
26124496,0
27582615,0
27577950,0
27489350,0
27593271,0
27577343,0
27595732,0
27581576,0
27599166,0
27576454,0
27597796,0
27582544,0
27601528,0
27591328,0
27586159,0
27581090,0
22291079,0
23404247,0
27601421,0
27587819,0
27580999,0
27582007,0
27587982,0
27586896,0
27590834,0
25881079,0
27601832,0
27603933,0
27577241,0
27588415,0
27585863,0
27593990,0
27592287,0
27584040,0
26152787,0
27595564,0
27594802,0
27586779,0
425,0
27594172,0
27583072,0
27584015,0
27578854,0
25788273,0
24755888,0
27582091,0
27599910,0
27578175,0
27581556,0
27590400,0
27602073,0
27596925,0
27600525,0
27580854,0
27592367,0
27588741,0
27580268,0
27589895,0
27592730,0
27601230,0
27594747,0
27600057,0
27576706,0
27593682,0
27601503,0
27602035,0
27579619,0
27596248,0
27597130,0
27601214,0
27594320,0
27599958,0
27586978,0
27580252,0
27593438,0
27584062,0
27598298,0
27582266,0
27590331,0
27601313,0
27599590,0
27603304,0
27598655,0
27578371,0
27587809,0
27591673,0
27601960,0
27577311,0
27596830,0
27576853,0
27598776,0
27587499,0
27581877,0
27603417,0
27595994,0
27602130,0
27598031,0
27583354,0
27587938,0
27586508,0
27603725,0
27579199,0
27598940,0
27582573,0
27596064,0
27595581,0
27602542,0
27598472,0
27586675,0
27597879,0
22622578,0
27587397,0
27603969,0
27580028,0
27581020,0
27596060,0
27591891,0
27591611,0
27594346,0
27577078,0
25110411,0
27581536,0
27582432,0
27577991,0
27579238,0
27599890,0
27598295,0
24277854,0
27582287,0
27596383,0
27582123,0
27592565,0
27579789,0
27601238,0
27590095,0
27585203,0
27663592,0
27580830,0
23714726,0
27589266,0
27596247,0
27586587,0
27598054,0
27577609,0
27592345,0
27603937,0
27581325,0
27579295,0
27591942,0
27591911,0
27597137,0
27594765,0
27603298,0
27600139,0
27591195,0
27602208,0
27601206,0
27591686,0
27601103,0
27590158,0
27589412,0
27597830,0
27592708,0
27581311,0
27601384,0
27586137,0
27603947,0
27595561,0
15932632,0
27587072,0
27595028,0
27585710,0
27589592,0
27598163,0
27580200,0
27593600,0
27577240,0
27583300,0
27581815,0
27584877,0
27598584,0
27579897,0
27592541,0
27587759,0
27596268,0
27586237,0
27590572,0
27593183,0
27588295,0
27582177,0
27577948,0
27597660,0
27598485,0
27580574,0
27585985,0
27578020,0
27582398,0
27583911,0
27597809,0
27577056,0
27576561,0
27586663,0
19228619,0
23506848,0
27577961,0
27577583,0
27598996,0
27586898,0
27597302,0
27602330,0
27576360,0
23662903,0
27592009,0
27596753,0
27601494,0
27595461,1
27598323,1
27583440,0
27578882,0
27585409,0
27590317,0
19778842,0
27587262,0
27587075,0
27587467,0
27579298,0
27600875,0
23635773,0
27589483,0
27602965,0
27579456,0
27583685,0
27591285,0
27601649,0
26894620,0
27585218,0
27581956,0
27577479,0
27590672,0
27588229,0
29920189,0
21788564,0
27599375,0
27585119,0
27596246,0
27587721,0
27583768,0
27583905,0
27599003,0
27597838,0
27596849,1
27599160,0
27587582,0
27595887,0
27585082,0
27586677,0
27599970,0
27598714,0
27601827,0
27586163,0
27590880,0
27591550,0
27591900,0
27580804,0
27597409,0
27600136,0
27587723,0
27583100,0
27588004,0
27600104,0
27579233,0
27599821,0
27582229,0
27579190,0
27592559,0
27590615,0
9024711,0
27593818,0
27593560,0
27590185,0
27585998,0
27585189,0
27577418,0
27594392,0
23569312,0
27591271,0
27600284,0
27600553,0
27586921,0
27590022,0
27595362,0
23708653,0
27578988,0
27599425,0
27586552,0
27577273,0
26674123,0
27587529,0
27600763,0
27579530,0
27598517,0
27591124,0
27587513,0
27597857,0
27587445,0
27590978,0
27599950,0
27589812,0
27576776,0
27586117,0
27587973,0
27581194,0
27592353,0
27601971,0
27576874,0
27598958,0
27591432,0
27588894,0
28402747,0
27603551,0
27590435,0
27576356,0
27579819,0
27597849,0
27598262,0
27585910,0
27583179,0
27592574,0
27593971,0
27584934,0
27581057,0
27581163,0
27578869,0
27590081,0
19010823,0
27580417,0
27590034,0
27583899,0
27579454,0
27584013,0
27587074,0
27584160,0
27595349,0
27596543,0
27604049,0
27581332,0
27586644,0
27601595,0
27578510,0
27582142,0
27589528,0
27590767,0
27598583,0
27601683,0
27593704,0
27576378,0
27597731,0
25193991,0
27577575,0
21609436,0
23496982,0
27583970,0
27583867,0
27602494,0
27592203,1
27601260,0
27604046,0
27589343,0
674,0
27580103,0
27587858,0
27587787,0
27590710,0
27579572,0
27583115,0
27577780,0
27590854,0
27593163,0
27588407,0
27589240,0
27588404,0
27593254,0
27600583,0
27591557,0
27578434,0
27595029,0
27599269,0
27581289,0
27585284,0
27578546,0
27598768,0
27584690,0
27586399,0
27598529,0
27591894,0
27594971,0
27590055,0
27597988,0
21828143,0
27593513,0
27595382,0
27577306,0
27583698,0
27583350,0
27576674,0
27589699,0
27582355,0
27587905,0
27591865,0
27579194,0
27580336,0
27576557,0
27590610,0
27578128,0
27580265,0
27585230,0
27596499,0
26469692,0
27603545,0
25939761,0
27603760,0
24651015,0
27588019,0
27594312,0
27585781,0
27594893,0
27578040,0
27586723,0
27580922,0
27589701,0
27596405,0
27588911,0
24240680,0
27602415,0
27584678,0
27586105,0
27583652,0
27581188,0
27579962,0
27603939,0
27589984,0
27580697,0
27590246,0
27599489,0
27580740,0
27593522,0
27581935,0
24708484,0
27579850,0
27577883,0
27587215,0
27601348,0
27601828,0
27581728,0
25366685,0
21718596,0
27599453,0
27581675,0
27602316,0
27592112,0
27581045,0
27959684,0
27595162,0
27593708,0
27579724,0
27585997,0
27601506,0
19636007,0
27580143,0
27603182,0
27600964,0
27595436,0
27580579,0
27597299,0
27821319,0
27585193,0
27596832,0
27597414,0
27586238,0
25452615,0
27587593,0
18757403,0
27597649,0
27588240,0
27599351,0
27591614,0
27597868,0
27592613,0
27602500,0
27588084,0
27587347,0
27594790,1
27582765,0
21690468,0
27594759,0
27590205,0
27578513,0
27578071,0
27587092,0
24960402,0
27587270,0
27593388,0
27586526,0
27602428,1
27603355,0
27599683,0
27579239,0
27593523,0
27587336,0
27583771,0
26554404,0
27585457,0
27587104,0
22810899,0
27600120,0
27584963,0
27597141,0
27589790,0
27586439,0
27600731,0
27580596,0
27584725,0
27600877,0
27591119,0
27593245,0
27591968,0
27576582,0
27578601,0
27601774,0
27589088,0
27597924,0
27586516,0
25112434,0
27576458,0
27599565,0
27577452,0
27581758,0
27086918,0
27598386,0
27601364,0
27579216,0
27598182,0
27590752,0
16236738,0
27579889,0
27587551,0
27594431,0
27585521,0
27581323,0
27598272,0
27580253,0
27600302,0
27585057,0
27585621,0
27594428,0
26097998,0
27577918,1
27602220,0
27600845,0
27580411,0
27601135,0
27580015,0
27585025,0
27589215,0
27592316,0
27577392,0
27602701,0
27591913,0
27590419,0
22842582,0
27602750,0
27586210,0
27600321,0
25586468,0
27587246,0
27581290,0
27595799,0
27586947,1
28578601,0
27577446,0
27577568,0
27595355,0
27599056,0
27602026,0
27598824,0
27598304,0
27582740,0
27581376,0
27578936,0
27576550,0
27581287,0
27584596,0
27580593,0
27579697,0
27581047,0
27579873,0
27585580,1
27597735,0
27595465,0
27601150,0
27593398,0
27595423,0
27602590,0
27153245,0
27597797,0
27581992,0
21509757,0
27595102,0
27583203,0
27589011,0
27596045,0
27603111,0
27959700,0
27588519,0
15950068,0
27576352,0
27603097,0
27599823,0
27595885,0
27581893,0
27600040,0
20010464,0
25516890,0
27601043,0
27577903,0
23575252,0
27602008,0
27587687,0
27583037,0
27600391,0
28525386,0
27593240,0
27599577,0
27601243,0
27578291,0
27586352,0
27584960,0
15459012,0
27585778,0
27597756,0
27592254,0
27580407,0
27584082,0
27591981,0
27579837,0
23535073,0
27579678,0
27580333,0
27576549,0
27601137,0
27589881,0
27592027,0
27586309,0
27603784,0
27598570,0
27597411,0
27590577,0
27584552,0
27587967,0
26439803,0
27578815,0
27596751,0
27590998,0
27583972,0
25952756,0
27601143,0
27580558,0
27601118,0
27597764,0
27595128,0
27908594,0
27580439,0
27581011,0
27586194,0
27584582,0
27602787,0
27587142,0
27595317,0
27586094,0
27590569,0
27581473,0
27582426,0
27584866,0
27601713,0
27601291,0
27595052,0
27602217,0
27585549,0
27598229,0
20638364,0
27591375,0
27597889,0
27598053,0
27588246,0
27577086,0
27589684,0
24167368,0
27598735,0
27578479,0
27584685,0
27595089,0
27592636,0
27594526,0
18160777,0
27577389,1
27598174,0
27598642,0
27588040,0
27583246,0
27592466,0
22133049,0
27597922,0
28281183,0
27600752,0
27584056,0
27601495,1
27603343,0
27578002,0
27592116,0
27586598,0
20473330,0
27595277,0
27580522,0
27582260,0
27585841,0
26444240,0
27585602,0
27599423,0
27599438,0
27596441,0
27576488,0
27590666,0
21132006,0
27601109,0
27589586,0
22038994,0
27588945,0
27577109,0
27586401,0
27596564,0
27595847,0
27598181,0
23329234,0
25409149,0
27590354,0
27599639,0
27597944,0
27585691,0
27585036,0
27579874,0
27460442,0
27577112,0
19587375,0
27600998,0
27590049,0
11208838,0
27592428,0
27601586,0
27588689,0
27581037,0
27590796,0
27580165,0
27600767,0
27592608,0
27589932,1
19289619,0
27592040,0
27587277,0
27646943,0
27583313,0
27582633,0
27580273,0
27590585,0
25765070,0
27588356,0
27601822,0
27583437,0
27601901,0
27593511,0
26979979,0
27595187,0
27600355,0
27592697,0
27589749,0
27586178,0
27579813,0
27581876,0
27587032,0
27587046,0
27595835,0
27585932,0
27580741,0
27598558,0
27596099,0
27578320,0
27582239,0
27587950,0
27598258,0
27588015,0
27587810,0
27591584,0
27595254,0
27583382,0
27598920,0
27599580,0
27579172,0
27580828,0
27597154,0
27589789,0
27597884,0
27581622,0
27576436,0
49,0
27577956,0
27579310,0
27600620,0
27591449,1
27589233,0
27584834,0
27579502,0
27590111,0
27594440,0
27594906,0
27587415,0
27579478,0
27578982,0
27585574,0
27581132,0
27590084,0
27599479,0
27589333,0
19584866,0
27599152,0
27576929,0
26831717,0
27587177,0
27599850,0
27581363,0
23051966,0
27578380,0
27599309,0
27590927,0
27598728,0
27592172,0
27591627,0
27595804,0
27578474,0
27602273,0
27581312,0
22153890,0
27597054,0
27598598,0
27579410,0
27579327,0
27599259,0
27588366,0
27598252,0
27599942,0
27582250,0
27595024,0
24793816,0
27586800,0
24337769,0
23001755,0
20068085,0
27585972,0
27587803,0
27583397,0
27583532,0
26918451,0
27587972,0
27587631,0
27594158,1
27586208,0
27589411,0
27590716,0
27592519,0
27600387,0
27596689,0
27590310,0
27593514,0
27589328,0
27603405,0
27585434,0
27588280,0
27576882,0
27577098,0
27589414,0
27583937,0
27580127,0
27594962,0
27590318,0
27586752,0
27586822,0
27586990,0
27591705,0
27603335,0
27585791,1
27595805,0
26629066,0
27602514,0
27591356,0
27576347,0
27602256,0
27578524,0
24356815,0
27587998,0
27598068,0
26838030,0
27578560,0
27580349,0
27591606,0
27592817,0
27590737,0
27599993,0
27579722,0
27600992,0
27602238,0
27602983,0
27588117,0
27603040,0
27593340,0
27601992,0
27591128,0
28645941,0
27595094,0
27586489,0
27587584,0
27593536,0
27588057,0
27577291,0
27591467,0
27593251,0
27592260,0
19602588,0
27601215,0
27586465,0
27599542,0
27596572,0
27592530,0
27603276,0
27597752,0
27596066,0
27596121,0
27582045,0
27598555,0
27594785,0
27600696,0
27597965,0
27579241,0
27596847,0
27595050,0
27586144,0
27579155,0
27586058,0
27600608,0
27217448,0
24651453,0
27577304,0
27591415,0
27582306,0
27601201,0
27588056,0
24771645,0
17889720,0
27576732,0
27594512,0
27580764,0
27587055,0
27586905,0
27587287,0
27597875,0
27581944,0
27585579,0
27601111,0
27581574,0
27583041,0
16140923,0
27598680,0
27582749,0
27601529,0
27583219,0
23134728,0
27603429,0
27588124,0
27603684,0
27594740,0
27587214,0
27592810,0
27578428,0
27590863,0
27589331,0
16236737,0
27591612,0
27583980,0
27587781,0
27602015,0
27581210,0
27578914,0
27600941,0
27595704,0
27591092,0
27577917,0
27594911,0
26099744,0
27599198,0
27592478,0
27578029,0
27594958,0
27579691,0
27581195,0
27585659,0
27590503,0
27595233,0
27580726,0
27599887,0
27583114,0
27578536,0
27588273,0
27576901,0
27580926,0
27578604,0
27600506,0
27590493,0
23515910,0
11792751,0
27592248,0
27590172,0
27583349,0
27589805,0
27586211,0
27579204,0
27595483,0
27593286,0
27582060,0
27602090,0
24841718,0
27592860,0
26602815,0
27578614,0
27579281,0
27585654,0
27587808,0
27595157,0
27580370,0
22188813,0
27602106,0
27597873,0
27587838,0
27500726,0
27592601,0
27601113,0
27600280,0
27591654,0
27596264,0
27589252,0
27596406,0
27592631,0
27583822,0
26397223,0
27603377,0
27591172,0
27590548,0
27590757,1
27594778,0
27593494,0
27586258,0
27598324,0
27603504,0
24554720,0
27602511,0
27589886,0
27596345,0
27592157,0
27585958,0
27588874,0
26689995,0
27587671,0
27583780,0
27600060,0
27579363,0
27585803,0
27588001,0
27595739,0
27586232,0
27599678,0
27593961,0
27592240,0
27578566,0
27587757,0
27600332,0
27586429,0
27580334,0
27580747,0
27588716,0
27596754,0
27600032,0
27581320,0
27592532,0
26015296,0
27583659,0
27595954,0
27578374,0
25515960,0
27588959,0
27599206,0
27600327,0
27598553,0
27593439,0
27597767,0
27582608,0
27581665,0
27588239,0
27582419,0
27591672,0
27581584,0
27601851,0
27587518,0
27588688,0
27589036,0
27581633,0
27581982,0
27599830,0
27276561,0
27592292,0
27600085,0
27600654,0
12130516,0
27577309,0
27585279,0
27585777,0
27587079,0
27600737,0
27592719,0
27586874,0
24374719,0
27600846,0
27590603,0
27583032,0
27602071,0
27595032,0
27601140,0
27584953,0
27590651,0
27583636,0
27601352,0
27585836,0
21642685,0
27576575,0
27579983,0
27594992,0
27599451,0
27583797,0
27587209,0
27586580,0
27601404,0
27602959,0
27587780,0
27577312,0
19786658,0
27600447,0
27582083,0
27585744,0
27591676,0
27593376,0
23840364,0
27597843,0
27578613,0
27599265,0
27580971,0
27591985,0
27601737,0
27579052,0
27586512,0
27590233,0
27601546,0
27595626,0
19118063,0
27600168,0
27583641,0
24659740,0
27584823,0
27581055,0
27592391,0
27586458,0
27595112,0
27584981,0
27589844,0
27580841,0
27582575,0
27602227,0
26942346,0
27600892,0
21083380,0
27595846,0
27600605,0
27587213,0
27583836,0
27595125,0
27578533,0
27589681,0
27591098,0
27590656,0
27583253,0
27579009,0
19557636,0
27583573,0
27577087,0
27576452,0
27578234,0
27599104,0
24333121,0
27581152,0
27592334,0
27579858,0
27593774,0
27581873,0
27594891,0
27595777,0
27577520,0
27591938,0
27585991,0
27590772,0
27587070,0
27582411,0
27586375,0
27590412,0
27599456,0
27584796,0
27580346,0
17671205,0
27578015,0
27577993,0
27598344,0
27581204,0
27582553,0
27603787,0
27582461,0
27576502,0
27590344,0
22551904,0
27590374,0
27586708,0
27591441,0
27599095,0
27590531,0
27581720,0
27588223,0
27604054,0
27580380,0
28202511,0
27583042,0
27595008,0
27578805,0
27579576,0
27600897,0
27603275,0
27576690,0
27591389,0
26059438,0
27578511,0
27589327,0
27577195,0
27588696,0
27577764,0
27600113,0
27598437,0
27588731,0
27588014,0
27587235,0
27595250,0
27587069,0
27593172,0
27582595,1
27601958,0
27600161,0
27578570,0
27603743,0
27584870,0
27577699,0
22383795,0
19273710,0
27576595,0
23414587,0
27589785,0
27599019,1
27590765,0
27600971,0
27585774,0
27589871,0
27600069,0
27595632,0
27586871,0
27580980,0
27595606,0
27577170,0
27580672,0
27578467,0
27592151,0
27584064,0
27590748,0
27599232,0
27595943,0
27594682,0
27581998,0
27587274,0
27598826,0
27601420,0
27578868,0
27596808,0
27579167,0
27582053,0
27584874,0
27577335,0
27592247,0
27590840,0
27577477,0
27581836,0
27581539,0
27592271,0
27586054,0
27576762,0
27587191,0
27581390,0
25524477,0
27596922,0
24647522,0
27587690,0
27598030,0
27580559,0
27932416,0
27588607,0
27583806,0
27588873,0
24800185,0
27602159,0
27601816,0
27598521,0
27581388,0
27577046,0
27586036,0
27579737,0
27579617,0
27587076,0
27594735,0
27581951,0
19359162,0
27578014,0
27602031,0
27579270,0
27597915,0
27589952,0
27593210,0
27601110,0
27576862,0
27591721,0
27589817,0
27590415,0
27576588,0
27594545,0
27586109,0
29573941,0
26733615,0
27603005,0
27591881,0
27019113,0
27597290,1
27577703,0
27591113,0
27601573,0
27585117,0
27590286,0
27577929,0
27585739,0
27592512,0
27599731,0
27582674,0
27593535,0
27581099,0
27591551,0
27595963,0
27586293,0
27601582,0
26359985,0
27604067,0
27593778,0
27600282,0
27591766,0
27592217,0
27585112,0
27587540,0
27601491,0
27586046,0
27580377,0
27579261,0
27603015,0
27585664,0
27602760,1
27590100,0
27597981,0
27599734,0
27595170,0
27579284,0
27600028,0
27343442,1
27587801,0
27592498,0
27580942,0
27579282,0
27599826,0
27603381,0
27587106,0
27597932,0
9837816,0
27600360,0
27602196,0
17496201,0
27591413,0
27597774,0
27582402,0
23341344,0
27596442,0
27603568,0
27584012,0
27600098,0
27588494,0
27582021,0
27602718,0
25173427,0
27586742,0
27599715,0
27603210,0
27603329,0
27578579,0
27583394,0
27592411,0
27579510,0
27576570,0
27599791,0
27590721,0
27594328,0
27589770,0
27581753,0
250,0
21523734,0
27591244,0
27580351,0
27601183,0
27596615,0
27596525,0
27584613,0
27580204,0
27594827,0
27595652,0
27595565,0
26625204,0
27579017,0
27581297,0
27594602,0
27597760,0
27590733,0
27589362,0
20696054,0
27578629,0
27600184,0
27597802,0
27582072,0
27585612,0
27586548,0
27581855,0
27587067,0
27595309,0
27586497,0
27600198,0
27590015,0
27576551,0
27588025,0
27584010,0
27578569,0
27579563,0
27589739,1
27576777,0
27591729,0
27597864,0
27600597,0
27593903,0
27589037,0
27592102,0
27600491,0
27577051,0
27583092,0
27601841,0
27576324,0
27599911,0
27601965,0
27583924,0
27589405,0
27600107,0
27590528,0
27577174,0
27590276,0
27587007,0
27587108,0
27577012,0
27599267,0
27599698,0
27588036,0
27595898,0
27581271,0
27585757,0
27594549,0
27601570,0
27577469,0
27599301,0
23746666,0
27585485,0
27603325,0
27587099,0
27069254,0
27582499,0
27596599,0
27583468,0
27586430,0
27595894,0
26359337,0
27578921,0
27590807,0
27578768,0
19649315,0
27593485,0
27588411,0
27582237,0
27586811,0
27593738,0
27598855,0
27583077,0
27580479,0
27577246,0
27589058,0
27580058,1
27592741,0
27599913,0
27599854,0
27601899,0
27603132,0
25470694,0
27589713,0
27589232,0
27602036,0
27576913,0
27594851,0
27576698,0
27599570,0
27596098,0
27587162,0
27579592,0
27998968,0
27587909,0
27586289,0
27583668,0
27585839,0
27599436,0
27591663,0
27576571,0
27584084,0
27595766,0
27593358,0
27581373,0
27598283,0
27588572,0
27585945,0
27587585,0
27590866,0
27596295,0
11675361,0
27597286,0
27584679,0
27583461,0
27589598,0
27588558,0
27587192,0
27594648,0
27579038,0
27587941,0
27602258,0
27599298,0
27590108,0
27576865,0
27581888,0
27579364,0
27594290,0
27591784,0
27588021,0
27600078,0
27581427,0
27584607,0
27590269,0
27598143,0
27579032,0
27578089,0
27582324,0
27580400,0
27582878,0
27595230,0
27580665,0
27601718,0
27603349,0
27580482,0
21076395,0
27596096,0
27585879,0
19165201,0
27604055,0
27585126,0
27580609,0
27579445,0
24868024,0
27596432,0
27603967,0
27589750,0
27598250,0
27593905,0
26582713,0
27590783,0
27578351,0
27587240,0
27579808,0
27590164,0
27583559,0
27579575,0
27593445,0
27593198,0
27581360,0
27585650,0
27602957,0
21179087,0
27582294,0
27580943,1
27576483,0
27597832,0
27597540,0
27599802,0
27593883,0
27585637,0
27598003,0
27584591,0
27591884,0
27589759,0
27590414,0
27591839,0
27167191,0
27590258,0
27600750,0
27585902,0
27588450,0
27577394,0
27580029,0
27590116,0
27595643,0
27589784,0
27586068,0
27602593,0
27602925,0
27582557,0
27589992,0
27582047,0
27580519,0
27584023,0
27598253,0
27589777,0
27591057,0
27581422,0
27580744,0
27585782,0
27587195,0
27599458,0
27589672,0
27587244,0
27595882,0
28734759,0
27591679,0
10408776,0
27581645,0
27576450,0
27598200,0
27581486,0
27578189,0
27581721,0
27598237,1
27593720,0
27603780,0
27585185,0
27595800,0
27590488,0
27581819,0
27591739,0
27591388,0
27582988,0
27583275,0
27590500,0
27597793,0
27597413,0
15961768,0
27594209,0
27590140,0
27593873,0
27600538,0
27588575,1
27603410,0
27595829,0
27583090,0
27582125,0
19040416,0
27581766,0
27583982,0
27580756,0
27581630,0
27593904,0
20628391,0
27586077,0
27587464,0
14726385,0
27591492,0
27595747,0
27581337,0
27595455,0
27602261,0
27598524,0
27577858,0
27598970,0
27601216,0
21156401,0
27583935,0
27601130,0
27595899,0
27588707,0
27598608,0
27585196,0
27577745,0
27590367,0
27582395,0
27585545,0
24899684,0
27576451,0
27592612,0
27577988,0
27589671,0
27580718,0
27578408,0
27595570,0
27595826,0
27595508,0
27589716,1
27603265,0
21883677,0
27593723,0
27124835,0
27601524,0
27601241,0
27580356,0
27598459,0
27601781,0
27597979,0
27589956,0
27599292,0
27597176,0
27603432,0
27593691,0
27592235,0
27579969,0
27598406,0
27579895,0
27592486,0
27577884,0
27592052,0
27603409,0
27580282,0
27584972,0
27597158,0
27581397,0
21719597,0
27581899,0
27601250,0
27601640,0
27583473,0
27588692,0
27593375,0
27602582,0
27586936,0
26639348,0
27596597,0
27586852,0
27587535,0
27586718,0
27585847,0
27599746,0
27601481,0
27581817,0
27578256,0
27597659,0
27599083,0
27601656,0
27579035,0
27598052,0
27588676,0
27596273,0
27587790,0
27580163,0
27585451,0
27593474,0
27590082,0
27598612,0
27585054,0
27580869,0
27587519,0
27580658,0
27593533,1
27587668,0
27593539,0
27590812,0
27591407,0
27583120,0
27586664,0
27594754,0
27595445,0
12374230,0
27599391,0
25600339,0
27598774,0
27600961,0
27581366,0
27594975,0
27585443,0
27590534,0
27576957,0
27578072,0
27586537,0
27587425,0
27579236,0
27592111,0
27599932,0
27588541,0
27577470,0
27596816,0
27576697,0
27593839,0
27578965,0
27586715,0
27601887,0
27578119,0
27583212,0
27601536,0
27585486,0
27583160,0
27582309,0
27582444,0
27577487,0
27591306,0
27595782,0
170,0
27581621,0
27603739,0
27576789,0
27593244,0
27600354,0
27603757,0
27598988,0
27589484,0
27598398,0
27599738,0
27600536,0
27586959,0
27587930,0
12576318,0
27577873,0
27598997,0
27587556,0
24861525,0
27596217,0
27580965,0
27599535,0
27597725,0
25855885,0
27092876,0
27578348,0
27596341,0
27577890,0
27598317,0
27582482,0
27592582,0
27598159,0
27600881,0
27589048,0
27588086,0
27596532,0
27597917,0
27587900,0
27578605,0
27597828,0
27598416,0
27584581,0
27577414,0
27598216,0
27582506,0
27589056,0
27589918,1
27578335,0
27593517,0
27586863,0
27593610,0
27581714,0
27591594,0
27595384,0
27602169,0
27583832,0
17603489,0
27593488,0
27583583,0
27589865,0
27586561,0
27600463,0
27595240,0
27601609,0
19284554,0
27577934,0
27583442,0
27595256,0
27447864,0
27577966,0
23358651,0
27579046,0
11793370,0
27598726,0
27577040,0
27583657,0
27586307,0
27594612,0
27578881,0
27598403,0
27586934,0
27603334,0
27602339,0
24740809,0
27597821,0
20581473,0
27586373,0
27579920,0
27586528,0
27576552,0
27602283,0
27593248,0
27601078,0
17020982,0
27578404,0
27602260,0
27579028,0
27583406,0
27593973,0
27588433,0
27600508,0
27580858,0
27583675,0
27598209,0
27592732,0
27604037,0
27599053,0
27603358,0
25528216,0
27591364,0
27599809,0
27588271,0
28453411,0
27597248,0
27579993,0
27584901,0
27597430,0
27595365,0
27587122,0
27598040,0
27579875,0
27592246,0
27578461,0
27578328,0
27591740,0
27600807,0
24422723,0
27579412,0
27581250,0
27589481,0
27589743,0
27592684,0
27595850,0
27592615,0
27602126,0
26108461,0
27601237,0
27590312,0
27598116,0
27585071,0
27597975,0
27596434,0
27603908,0
27595169,0
27591843,0
27593926,0
27601433,0
27591744,0
27585754,0
16341243,0
22864769,0
27600566,0
27592282,0
27595819,0
27578794,0
27584039,0
27598704,0
24735930,0
27603570,0
24553387,0
27580120,0
27588210,0
27590602,0
27582539,0
27598381,0
27603885,0
27590338,0
27586074,0
27603777,0
27596059,0
27595883,0
29686424,0
27591888,0
27588285,0
27586733,0
28783719,0
27585507,0
27599082,0
27582897,0
27598956,0
27603143,0
27580459,0
27594104,0
27578414,0
27578440,0
27578170,0
27598113,0
27583122,0
27589744,0
27579767,0
27603921,0
27593354,0
27599078,0
27592171,0
27589512,0
27576699,0
27596938,0
27598242,0
27583248,0
27596939,0
27599372,0
27582737,0
27590779,0
27588361,0
27580796,0
27590773,0
27577519,0
27591793,0
27586850,0
27597825,0
27587009,0
27600384,0
27587000,0
27580443,0
27595952,0
27580180,0
27601174,0
27579524,0
27579054,0
27578422,0
27599643,0
27593497,0
27580347,0
27592822,0
27598544,0
27587942,0
27578891,0
27601641,0
27584676,0
24239278,0
27597441,0
27596958,0
28958504,0
27576947,0
27601805,0
27595910,0
27579664,0
27601511,0
27583800,0
27595505,0
27579000,0
363,0
27599100,0
27599675,0
27598730,0
21918175,0
27582594,0
27585760,0
27577747,0
27585471,0
27599008,0
25435907,0
27580437,0
27591145,0
27586464,0
27579973,0
27577448,0
27591574,0
27576498,0
27591564,0
27577581,0
22246397,0
27583893,0
27581462,0
27602121,0
27590508,0
27576772,0
27577346,0
27577352,0
27601196,0
27600484,0
27583080,0
26893853,0
24478318,0
27599974,0
27595912,0
27598694,1
27588235,0
27599165,0
27594094,0
27588535,0
27601831,0
27584968,1
27585452,0
24521058,0
27591049,0
20404132,0
27579305,0
27602974,0
27599233,0
27594543,0
23900217,0
27584687,0
27589387,0
27584568,0
27594745,0
27603091,0
27580247,0
27577419,0
27587343,0
27585589,0
27603146,0
27600314,0
27578120,0
27599739,0
27603732,0
27598657,0
27598992,0
27592231,0
27579853,0
27603906,0
27591682,0
27598032,0
16953233,0
27583102,0
27597941,0
27588480,0
27588854,0
27581137,0
27581081,0
27603011,0
27594964,0
27577613,0
27602038,0
12000708,0
27586682,0
27589545,0
27586181,0
27601994,0
27595054,1
27595386,0
701,0
27589804,0
27584145,0
27581521,0
27599007,0
22004109,0
27588375,0
27582715,0
27601381,0
27600978,0
27603038,0
27592630,0
18450602,0
27581179,0
27587031,0
27601679,0
27576467,0
27594945,0
22705984,0
27589046,0
27596985,0
27594728,0
27586509,0
27598636,0
27577484,0
27587275,0
27580694,0
27599099,0
27581558,0
27591241,0
27597270,0
27581447,0
27599845,0
27598300,0
27590786,0
27595336,0
27600369,0
27589399,0
27584695,0
27600968,0
27576541,0
24004674,0
27581027,0
27603036,0
27589034,0
27587234,0
27599090,0
27598184,0
27588813,0
27590768,0
16094359,0
27595719,0
27592301,0
27586784,0
27601852,0
22759657,0
27586946,0
27594659,0
27586530,0
27585557,0
27586607,0
27581642,0
27594883,0
27590259,0
27593715,0
27601423,0
28028034,0
27582344,0
27595930,0
27588031,0
25636205,0
27585995,0
27593490,0
24457318,0
27586416,0
27598919,0
27597514,0
27581437,0
27588373,0
27601734,0
27601175,0
28138035,0
